y,x
0,0.533
0,1.487
1,1.654
1,0.551
0,-1.438
1,1.370
1,0.779
0,-0.403
0,-0.981
0,-0.860
0,-1.116
1,2.796
1,2.851
1,0.320
0,1.103
0,-1.532
1,1.045
0,1.601
0,-2.715
1,0.771
0,-0.071
1,1.176
0,-1.757
0,-1.230
0,1.097
1,0.142
0,-0.476
1,0.316
1,-0.870
0,-0.693
0,0.783
1,1.523
1,-0.168
0,0.251
0,-0.414
0,-0.909
1,-0.152
0,0.309
1,0.851
1,1.331
0,-1.574
1,-0.974
0,-1.158
0,-1.339
1,-0.521
0,0.082
1,1.856
0,-0.273
1,0.458
0,-0.670
1,1.145
0,-1.944
0,0.366
0,-0.147
1,0.667
0,-2.188
1,-1.497
0,-0.242
0,-0.249
1,0.454
0,1.663
1,0.492
1,0.815
0,-0.428
0,-1.643
1,0.295
0,1.556
0,-0.026
1,0.470
1,0.491
1,0.321
0,-0.847
0,-0.197
0,-1.538
0,1.060
1,-0.347
0,0.182
0,-1.256
0,-0.417
0,0.400
0,0.141
1,0.769
0,-0.615
0,-0.142
0,0.067
1,-0.694
1,1.507
0,-1.756
0,0.881
1,0.306
1,0.393
0,-0.914
0,-0.834
0,0.534
0,-0.915
1,0.772
0,0.201
0,-0.335
0,-1.596
0,0.101
1,-0.010
0,-0.701
0,1.533
0,-1.668
1,1.761
1,-0.841
0,-1.186
1,0.144
1,-0.952
0,0.368
0,-1.625
1,0.038
0,-1.952
0,-1.203
0,0.103
0,-1.476
1,0.353
1,2.055
1,0.632
1,1.179
1,-0.230
1,1.818
0,-1.171
1,0.129
0,-0.041
0,1.739
0,-0.049
1,0.557
0,-0.278
0,0.405
0,-0.752
0,0.169
0,-0.753
0,1.925
0,0.163
0,-0.657
1,-0.649
0,-0.419
0,-0.371
0,-0.997
0,-1.807
0,-0.100
1,1.021
1,1.172
0,-0.862
0,0.980
0,-0.072
1,0.806
1,-0.223
1,1.228
0,-0.527
0,0.003
1,0.204
0,-0.498
1,1.186
0,-1.819
1,-1.040
0,-1.092
0,1.311
1,-0.674
0,1.365
0,-1.057
1,-0.917
0,-1.235
1,-0.600
1,1.283
0,0.795
1,3.331
0,-1.128
1,1.895
1,0.853
1,0.216
0,-0.825
0,0.158
1,0.544
0,0.296
1,-0.489
1,-0.759
1,-0.279
1,0.127
0,-0.594
1,0.499
1,1.014
0,-2.005
1,0.882
0,-0.665
1,0.138
1,0.617
0,0.000
0,-0.695
0,-0.664
1,1.529
0,1.276
1,0.757
0,0.498
0,-0.177
0,0.059
1,2.196
0,-1.063
0,-1.310
0,0.849
0,-1.783
0,-1.154
0,-1.870
0,0.393
0,0.463
1,1.095
0,-1.073
1,1.306
1,0.613
1,1.468
1,-0.042
0,-2.363
0,1.411
0,-0.236
0,0.070
1,1.111
0,-0.928
1,2.457
1,1.002
0,-1.256
1,-0.854
0,0.415
1,-0.292
0,0.213
1,1.072
1,-0.585
1,0.972
0,-0.080
1,-0.883
1,-1.255
1,-0.546
0,0.496
0,-1.319
0,0.188
1,0.490
1,1.057
1,0.568
1,1.306
1,-0.638
0,-0.812
1,0.039
0,-1.391
0,-0.613
0,-0.374
1,0.245
0,0.342
0,1.181
0,-0.168
0,-0.927
1,0.451
0,-0.229
1,1.036
0,0.833
1,0.347
0,0.485
1,1.108
1,2.657
1,-0.040
1,-1.204
0,1.718
1,1.069
1,1.306
1,-0.008
1,0.180
1,0.167
0,0.221
1,0.678
0,-0.905
1,-0.041
1,0.169
0,0.079
1,0.716
0,-0.713
1,1.689
0,-0.542
1,0.332
0,0.858
0,-0.549
1,-0.043
0,0.385
0,-1.151
1,0.035
0,0.487
1,-0.055
1,0.861
0,-0.822
0,-0.026
0,-0.649
0,-1.882
0,0.514
1,0.649
1,0.416
0,-0.424
1,0.386
1,-0.600
1,0.302
1,0.027
0,-1.252
1,0.519
1,-0.066
0,-1.802
0,-1.853
1,-0.503
1,0.777
1,-0.401
0,-0.305
1,0.992
1,0.390
0,0.136
1,1.218
0,-0.430
0,-1.815
0,-1.110
0,-0.378
1,1.308
0,-0.075
0,1.022
0,-2.265
1,0.361
1,1.358
1,0.990
1,1.351
1,0.686
0,0.038
1,0.785
0,-0.133
1,0.454
0,-0.089
1,-0.160
1,-0.018
1,0.189
1,0.894
1,-0.223
0,-0.984
0,-0.539
0,-1.759
1,0.516
1,0.330
0,0.259
0,-1.278
1,0.468
1,0.610
1,1.739
0,-0.278
1,0.096
1,1.046
0,0.072
1,0.419
0,-0.917
0,-0.081
0,-1.082
0,0.501
0,-0.949
1,2.551
1,1.142
1,1.373
1,0.500
1,1.504
0,0.613
0,-0.987
0,0.035
1,0.819
0,-1.138
1,0.671
1,0.243
0,0.654
0,0.069
1,0.853
0,-1.655
0,-0.237
0,-1.308
0,-1.307
0,-0.529
1,-0.266
0,-0.609
0,0.547
0,-0.950
0,-0.285
1,-0.841
0,-0.256
0,1.338
0,1.296
1,-0.946
1,-0.317
0,-1.263
0,-0.734
0,-0.774
0,-0.945
1,-2.649
1,0.684
0,0.937
0,-0.603
0,0.549
1,-1.206
1,0.065
0,-0.725
0,-0.639
0,-0.596
1,0.857
0,0.582
0,-0.272
0,-1.291
1,-1.019
0,0.062
0,-0.966
0,-1.663
1,0.597
0,-0.842
0,-1.271
0,-1.123
0,-2.348
1,2.782
0,-0.590
1,-0.194
0,-0.589
0,-1.911
0,0.003
1,0.537
1,0.184
0,-0.257
0,-1.614
1,1.032
1,0.930
0,0.339
1,-0.620
0,-0.186
0,-1.450
0,0.358
0,1.676
0,0.243
1,0.398
1,0.086
1,-0.102
1,1.433
0,-1.413
0,-1.396
0,-0.183
1,-0.799
0,-0.876
0,0.100
1,-0.112
0,-0.754
1,-0.485
0,-1.420
1,0.304
0,-1.180
0,-1.297
0,0.139
0,-1.377
0,-0.849
1,1.964
1,-1.605
0,-0.726
0,-0.104
1,1.198
0,0.179
1,0.911
1,0.153
0,-0.866
1,0.678
0,-0.525
0,0.043
1,1.031
0,-1.539
1,1.115
0,0.188
1,-0.155
1,0.377
1,0.692
0,-0.978
1,0.625
0,1.324
0,-0.852
0,-1.154
0,-0.107
0,-1.214
0,0.408
0,0.387
0,0.162
1,1.775
1,-1.041
0,-0.480
1,2.345
1,0.763
0,0.085
1,-0.591
0,-1.308
1,0.743
0,-0.248
1,0.222
0,-1.404
1,0.788
0,-2.270
1,2.003
1,0.462
1,0.687
1,0.427
0,-1.501
0,-0.013
0,-0.984
1,1.865
1,-1.264
0,0.357
0,-1.710
0,-0.289
0,0.015
0,0.279
1,0.647
0,-0.791
0,-0.695
1,0.789
1,-0.027
0,-1.755
0,-0.511
0,-1.360
1,0.655
0,-1.592
1,0.967
1,0.041
0,-1.047
1,0.528
0,-0.253
0,1.676
0,-0.011
0,0.846
1,0.453
1,0.907
0,1.045
1,1.247
0,-0.216
1,0.743
0,-1.186
1,-0.028
0,1.791
1,2.349
0,0.228
0,-1.512
0,0.691
0,-1.131
0,0.196
1,-1.566
1,0.524
1,-0.896
1,-0.517
1,-0.339
1,-1.044
0,-0.959
0,-0.344
1,-0.568
0,-0.058
0,0.729
1,0.090
0,-1.044
0,-0.281
1,1.062
0,0.926
0,-1.038
0,-0.243
0,-0.528
1,0.665
0,0.391
0,0.861
1,-0.215
0,-0.855
1,-0.508
0,-1.194
0,0.484
1,0.722
0,0.161
0,-0.794
0,-1.012
1,-0.587
0,-2.645
0,-0.231
0,-1.228
1,-0.637
1,3.628
0,-0.026
1,0.993
0,-1.852
0,-1.874
0,-0.936
1,0.729
0,-1.902
0,-1.168
0,-0.803
1,1.662
0,0.177
1,-0.537
0,-1.042
1,-0.513
1,0.260
0,0.474
1,0.343
0,-0.585
0,0.158
1,-0.014
1,-1.315
0,0.434
0,-1.250
0,-1.680
0,-0.696
1,0.184
1,0.366
0,1.311
0,1.180
0,-0.880
0,-1.022
0,-1.375
0,-1.371
0,-0.147
0,0.663
0,-0.521
0,-0.609
1,0.901
1,0.738
0,-2.038
0,-0.007
0,-0.730
0,-0.218
0,0.419
0,-1.996
1,0.810
0,-1.060
0,-0.730
0,-0.330
0,-0.704
0,0.973
0,-0.925
1,1.281
0,0.975
0,-1.692
0,-1.217
0,0.708
1,0.309
0,0.646
0,-1.097
1,-0.909
0,0.112
1,0.310
0,0.138
0,-2.122
0,0.071
0,-0.288
1,1.522
0,-1.926
0,1.543
1,-1.005
0,0.099
0,0.597
0,-0.896
1,0.194
0,1.160
0,0.130
1,-0.912
0,-2.088
0,0.523
1,0.571
1,-0.186
0,-0.329
0,-1.083
1,0.755
0,-0.367
0,0.657
1,1.454
0,-0.531
1,2.203
0,1.569
0,-0.156
1,-0.939
1,0.511
1,1.401
1,0.572
0,0.364
1,0.736
0,0.326
0,-1.621
0,-1.232
1,0.294
0,-1.583
1,-0.373
0,1.513
0,-1.163
1,0.631
0,-0.454
1,0.676
1,0.339
1,0.894
0,-1.832
1,-0.557
0,-0.793
1,2.144
1,0.577
1,2.374
1,0.605
0,0.043
0,-0.583
1,-0.023
1,0.308
1,1.077
0,-0.462
1,0.385
0,-0.655
1,2.206
0,-0.195
0,0.772
1,0.620
0,-2.343
1,2.316
0,-0.201
0,-1.388
0,-0.521
0,0.154
0,-0.717
1,0.944
1,0.890
0,-0.545
0,-0.896
0,-0.734
0,-1.796
0,0.035
1,1.379
0,-1.444
0,0.472
1,0.221
1,0.027
1,-0.040
0,-0.087
0,0.447
0,0.126
1,1.438
1,1.035
1,1.245
1,-0.465
1,0.859
0,0.657
1,1.905
0,-0.569
1,0.994
1,1.381
0,-0.144
1,0.824
0,0.057
0,0.291
1,1.411
1,0.690
1,0.185
0,-0.229
1,-0.872
0,1.450
0,1.391
1,-0.561
0,-1.409
0,0.471
0,-1.142
0,-0.403
1,-1.312
1,0.549
0,0.215
1,1.420
0,-0.371
1,-1.118
0,-0.025
1,-0.782
1,1.701
0,-1.340
0,-0.745
0,-1.133
0,-0.176
0,-0.719
0,-0.199
0,-0.129
0,-0.276
1,-0.145
0,-1.619
0,0.794
1,-0.038
0,1.296
1,-0.757
0,-0.242
1,1.420
1,0.023
0,0.787
1,-0.079
0,-0.937
1,2.286
0,-0.474
1,1.614
1,0.663
1,-1.637
1,1.863
1,1.123
0,-0.686
1,-0.026
1,0.043
1,0.708
0,0.004
1,0.980
0,-0.854
1,-0.027
1,-1.003
1,0.746
0,-0.413
0,-0.259
0,-0.754
0,-0.201
1,-0.218
0,-0.540
1,0.025
1,0.521
0,0.866
1,0.690
1,0.720
0,0.191
1,0.833
0,1.835
0,-0.131
1,0.496
1,0.713
0,-0.268
1,1.520
0,-0.692
0,-0.802
0,0.045
0,-0.205
1,1.362
1,1.220
0,-0.038
1,-1.393
0,-1.975
1,0.138
1,1.616
0,-1.664
1,1.100
0,0.073
0,0.924
0,0.639
0,0.261
0,0.208
0,-0.774
1,-0.131
1,0.246
0,-0.536
0,0.299
1,1.835
0,-1.402
0,0.989
0,-1.097
1,-0.038
0,-0.228
1,0.484
0,-0.960
1,-1.092
0,-0.435
0,0.472
0,-0.180
0,-0.051
0,-0.991
0,-1.845
0,0.941
1,0.681
1,0.850
1,0.101
0,-1.464
0,-2.119
1,0.387
1,-0.043
0,-0.070
0,-1.278
1,0.490
0,-0.822
0,-0.108
0,-1.965
0,0.087
1,0.489
1,-0.586
1,1.959
1,-0.039
1,1.002
0,-0.901
0,0.623
1,1.591
0,0.146
0,-1.003
0,-0.694
1,-0.953
0,-0.270
1,1.896
0,-0.425
0,-1.795
0,0.283
0,0.592
0,-0.785
1,-0.507
0,0.347
1,-0.171
1,0.707
1,-0.290
0,-0.155
0,-0.433
0,-0.016
1,1.890
0,0.376
1,-1.026
0,0.236
1,-0.171
0,-0.765
1,0.296
0,0.404
1,0.482
1,0.633
1,0.412
0,0.512
0,0.058
1,1.496
1,0.773
0,-0.310
0,0.261
0,-1.636
0,0.025
0,-1.934
1,-0.058
0,-1.762
1,0.200
0,0.393
1,0.895
1,1.067
0,-1.236
1,0.674
1,0.848
0,-0.373
1,0.200
1,-0.173
0,-1.135
1,0.676
1,0.033
0,-0.593
0,0.098
0,-1.315
1,0.930
0,-0.672
0,-1.164
1,0.009
1,0.174
1,-0.579
0,-0.143
1,0.413
1,0.219
0,0.756
1,-0.463
0,1.022
1,-0.097
0,-0.534
1,1.136
1,-0.861
0,0.837
0,-1.623
1,-0.042
1,0.398
0,0.767
0,-0.065
1,-0.125
0,1.585
0,0.095
0,-0.502
0,-1.022
0,-1.483
1,0.680
0,0.043
0,-0.343
1,0.653
1,0.236
0,0.333
0,0.056
1,-0.350
0,0.234
0,0.651
1,-0.176
1,0.413
0,-1.173
1,0.556
1,0.592
0,-0.967
0,-1.648
0,-0.910
0,0.364
0,0.683
1,0.789
1,1.638
0,0.304
1,0.975
1,0.349
0,-1.458
1,-0.513
1,0.086
0,-0.268
0,0.261
1,0.417
1,-0.558
0,-1.109
0,-0.822
1,0.438
0,0.835
0,-0.266
1,1.824
0,-0.117
1,-1.841
0,-1.858
1,0.166
0,-1.149
0,0.236
1,0.745
1,-0.131
0,0.312
0,0.216
0,-1.507
0,-1.092
1,0.951
0,1.217
0,0.957
0,0.297
0,-2.257
1,1.087
1,0.456
0,-0.505
1,1.053
1,0.913
0,-1.413
1,1.282
0,-2.829
0,0.326
0,-0.835
0,1.320
0,0.039
0,-0.127
0,-0.396
0,1.428
1,0.888
1,0.612
0,0.264
0,-1.123
0,-0.842
0,-0.597
1,-0.175
1,0.811
0,1.348
0,-2.989
0,-0.498
0,-0.524
1,0.616
0,-0.803
0,-1.152
1,-0.903
0,0.122
1,-0.822
1,1.057
0,-0.018
0,-0.945
0,0.324
0,-0.277
0,-0.994
0,-1.860
0,-0.487
1,-0.052
0,1.200
0,-0.752
1,1.829
0,-0.760
1,0.416
1,-0.524
0,-0.995
0,-1.309
0,0.616
0,0.495
0,-0.475
0,1.292
0,-0.102
1,-0.187
0,-0.844
0,0.074
0,-1.069
1,1.657
0,-0.219
1,-0.437
0,-0.487
0,-0.465
0,0.212
0,1.188
1,-1.123
1,-0.116
0,-0.809
1,1.400
0,-0.020
1,1.140
0,-0.399
1,0.437
0,-0.381
0,0.140
0,0.125
0,-0.447
0,-0.876
0,-1.636
0,0.805
0,-1.671
1,0.530
1,0.044
1,0.393
1,1.269
1,0.864
1,1.960
1,0.403
0,-1.176
0,-0.881
1,-0.395
1,-0.042
0,0.311
1,-0.244
0,1.054
0,-0.532
0,0.960
1,0.251
0,0.449
1,0.615
1,0.464
1,-0.114
1,0.250
0,-0.130
0,-0.988
1,-1.643
0,0.186
0,-0.195
1,0.280
0,-0.128
0,-0.216
0,-0.978
1,1.318
0,-1.607
0,-1.929
0,-1.281
1,0.988
0,0.429
0,-0.651
0,-1.168
0,-1.337
0,0.345
1,0.663
0,-0.569
1,2.018
0,-0.869
0,-0.063
0,-0.111
0,-0.300
1,0.707
0,-0.218
0,-0.504
0,-0.600
0,1.209
1,1.249
0,-0.819
1,-0.125
1,0.658
0,-0.094
0,0.011
0,-0.169
0,-0.207
1,1.825
1,0.978
0,0.033
1,-0.254
0,-0.536
0,-0.961
1,-1.280
0,0.569
1,0.678
1,0.022
0,-0.338
0,-0.651
0,-0.180
0,-0.464
0,-1.680
0,-0.595
1,1.576
0,0.242
0,0.341
1,0.526
0,0.285
1,0.598
0,-1.675
0,1.924
1,-0.890
0,-0.650
1,-0.093
1,-0.830
1,0.253
1,-0.838
0,-0.875
1,0.871
0,-1.293
0,0.327
1,0.801
0,-1.458
1,1.672
1,2.730
0,1.101
0,-0.639
1,-0.289
1,0.562
1,0.680
0,-0.756
1,-0.167
1,1.363
0,0.606
1,0.591
0,-1.477
0,0.536
1,0.274
0,-1.082
1,1.511
1,1.171
0,-1.454
0,-1.199
0,-1.178
1,0.354
0,-0.412
0,0.369
0,0.186
0,0.172
0,-1.739
0,-0.717
0,-0.955
1,1.615
1,0.140
1,1.449
0,0.882
0,0.375
1,0.842
0,-1.617
0,0.038
0,-1.281
1,-0.347
0,0.900
1,-0.906
1,0.665
0,-0.922
0,0.449
0,-0.777
1,1.983
0,-0.126
1,0.425
0,-1.447
0,-0.376
1,1.086
1,2.429
0,0.390
0,-1.474
0,0.160
1,-0.637
0,-2.273
0,-1.135
1,0.875
1,1.452
0,0.009
1,0.507
0,0.323
1,-0.584
0,0.164
1,0.747
0,-2.482
1,-0.299
1,-0.680
0,-1.056
0,-0.222
1,0.268
1,-0.828
0,-0.586
0,0.264
1,0.077
1,0.564
1,0.245
0,-0.928
0,-1.392
0,0.519
0,1.416
1,0.309
0,0.849
0,-1.419
0,-0.628
1,-0.065
1,0.513
0,-0.470
0,-0.711
0,0.599
0,0.338
0,-0.534
1,2.520
1,-0.716
1,0.403
0,-0.435
0,-0.278
0,0.602
1,1.614
0,0.292
1,2.041
0,1.753
0,-0.139
1,1.018
0,-0.134
1,1.099
0,1.025
0,-0.020
1,1.213
1,1.578
1,0.187
0,-0.715
1,-0.152
1,1.389
1,0.918
1,0.110
1,-0.420
0,-1.654
1,-0.152
1,-0.900
0,0.615
0,-0.057
1,1.934
1,1.670
0,0.202
1,0.047
1,0.546
1,1.488
0,0.446
1,1.642
0,-1.060
1,0.067
1,2.123
0,-0.266
1,0.751
0,0.277
1,1.039
1,1.564
0,-0.343
1,0.298
0,-1.014
0,-0.215
0,-1.536
1,-0.435
0,-1.131
1,1.382
0,-1.410
0,0.318
0,-1.469
0,-0.822
1,-0.824
1,-0.041
0,0.311
1,0.122
1,0.434
0,-0.769
0,-0.744
0,0.061
1,0.951
0,-0.882
0,-0.150
0,-0.853
1,0.255
1,-0.954
0,-0.242
0,-0.451
0,-3.346
1,-1.621
0,-0.445
1,1.473
0,-0.553
1,-0.245
1,-0.165
1,0.541
1,-0.335
1,1.275
0,0.720
1,1.567
0,-0.526
0,0.914
1,0.710
1,-0.680
0,-1.457
1,-0.514
1,0.342
1,-0.329
0,0.527
1,1.215
0,0.881
0,-0.085
1,1.004
0,-0.812
1,1.668
1,0.177
0,0.494
1,0.442
1,2.556
1,1.052
0,-2.200
1,-0.511
1,-0.451
1,0.495
1,-0.942
0,-0.980
0,0.897
0,0.634
0,-2.410
0,-0.595
1,1.200
0,-1.961
1,-0.259
0,-0.089
1,-0.470
0,-3.098
1,1.581
1,-0.279
0,0.488
1,1.951
1,0.256
1,1.031
0,-0.279
0,-0.742
0,1.382
0,-0.672
0,-2.346
1,1.485
0,0.335
1,1.254
1,1.668
0,-0.736
1,-0.543
0,-1.772
1,-0.435
1,1.229
1,-0.210
0,-0.929
1,-0.672
1,1.582
0,0.021
0,-1.133
0,0.589
1,-0.845
0,-0.962
1,0.303
1,-0.390
0,-0.863
1,-0.277
0,0.289
1,0.274
1,2.167
0,0.596
1,0.471
1,0.357
0,-1.288
0,-0.233
1,-1.197
1,-0.687
1,0.701
1,0.064
0,-1.046
0,0.505
0,-2.180
0,0.114
0,-0.656
1,-0.114
0,0.197
1,0.362
0,0.531
1,-1.479
1,0.387
0,-0.516
0,-0.429
0,-1.138
1,1.228
0,0.115
1,-0.473
0,1.425
1,0.588
1,-0.881
1,0.056
1,0.616
0,-0.413
1,0.168
1,1.715
1,1.033
0,0.007
0,-1.655
1,2.035
0,-1.253
1,1.033
0,0.948
0,-0.279
0,-0.453
1,0.692
0,-1.778
0,0.356
1,1.206
1,0.230
0,-0.409
0,0.226
1,0.614
0,-1.913
1,0.659
1,1.390
1,0.895
0,-0.458
0,0.122
1,1.419
0,-0.596
1,0.621
0,-0.885
1,1.281
1,0.032
1,-0.022
0,-0.753
0,-0.640
0,-0.864
1,0.997
1,-0.663
1,1.089
0,-0.256
1,2.985
1,1.162
1,-0.300
0,-1.690
0,0.481
1,0.300
0,0.000
0,-0.758
0,-0.858
0,0.334
0,0.003
0,1.128
1,1.096
0,-0.872
0,-1.381
0,-0.853
0,-1.186
0,-1.014
1,2.233
1,1.371
0,-0.472
0,1.340
0,-1.431
0,-1.461
1,-0.561
0,-1.958
1,2.539
1,-0.302
0,0.473
0,0.411
0,0.329
1,0.228
0,0.529
0,-0.989
0,-0.124
0,-2.035
0,0.416
0,0.645
0,-0.632
1,-0.650
0,0.718
1,0.775
0,-1.013
1,0.860
1,-0.311
1,0.184
1,-0.347
1,0.382
0,0.354
0,-0.898
1,-2.158
0,-2.211
0,-1.224
1,0.733
0,-1.475
0,0.199
0,-1.508
1,0.143
1,-0.170
1,1.809
0,-0.136
0,1.789
0,0.016
0,-1.448
0,-0.735
0,-0.994
0,1.849
0,-1.576
0,-1.806
0,0.099
0,-0.063
0,-0.190
0,-0.167
0,-0.777
1,1.271
0,0.646
1,2.108
1,0.427
1,-2.551
0,-1.304
1,-0.239
0,-0.579
1,0.668
0,0.394
0,0.081
0,-1.185
0,0.582
1,-0.341
0,-0.689
0,-0.888
0,-0.634
1,-0.208
1,1.174
1,1.618
0,-1.483
0,-0.370
0,-0.317
0,-0.612
0,0.039
0,-0.541
1,0.810
0,-0.342
1,0.913
0,0.861
1,0.937
0,0.542
1,1.922
0,-2.258
1,1.474
0,0.587
0,-0.257
1,-0.115
0,-0.783
1,0.893
0,-0.768
0,0.488
0,0.061
1,0.171
1,1.450
0,-1.808
1,2.322
0,-1.208
1,0.010
1,0.615
1,-0.482
1,0.257
1,0.262
0,0.023
1,-0.321
1,-0.473
0,0.783
1,0.264
1,1.948
0,0.611
1,0.909
0,0.141
1,-0.275
1,2.010
0,-0.944
0,0.226
0,-0.894
1,1.272
1,-0.977
0,0.606
0,-0.778
1,-0.060
0,-0.842
1,1.088
0,0.981
0,-0.293
0,0.300
1,0.508
1,-0.068
0,0.587
1,0.297
0,0.142
1,1.082
0,-0.389
1,1.185
0,-0.482
0,0.105
1,-0.043
1,1.035
1,-0.165
0,-1.762
0,-0.441
0,-0.197
1,-0.034
0,0.432
0,-2.004
0,-1.736
0,-0.997
0,-1.509
0,-0.981
0,0.565
1,0.062
1,2.475
0,-1.009
0,0.749
1,0.464
1,0.709
1,0.306
0,-0.021
1,-0.058
1,0.573
0,-0.353
0,-0.437
1,-1.262
0,-2.373
0,0.537
0,0.116
0,0.330
1,0.527
0,-0.017
0,-0.737
0,0.401
1,0.123
0,-0.113
1,1.034
0,-1.060
0,-0.959
0,-1.162
1,-0.943
0,-0.018
1,0.305
1,-0.669
1,0.226
0,0.295
0,-0.259
0,-0.423
1,1.220
0,0.052
0,-0.882
0,-1.159
1,-0.551
0,-0.617
0,-0.604
1,0.384
1,1.024
0,-2.317
0,0.437
1,-0.003
0,0.241
1,1.204
1,1.131
1,0.661
0,0.463
0,-2.142
1,0.206
0,-0.093
1,0.030
1,1.208
1,0.064
0,-1.286
0,-0.138
0,0.381
0,0.759
0,0.603
0,1.036
1,1.703
1,0.413
0,1.269
0,-0.229
0,0.627
1,0.908
0,-0.309
1,-0.454
0,-0.873
0,-0.245
1,-0.375
0,1.545
0,-1.163
1,0.030
0,0.549
0,0.277
0,-0.860
1,1.866
0,-0.336
0,0.034
0,0.183
1,-0.588
0,0.278
1,1.524
0,0.772
0,-0.465
0,-0.107
0,-1.377
1,0.035
1,0.309
1,-0.744
1,-0.351
0,-0.704
0,-1.695
0,-1.465
0,-1.001
1,0.567
0,-0.200
1,1.080
1,1.468
0,-1.183
0,0.341
0,-0.526
0,-0.234
0,-0.877
0,-0.530
0,-0.035
1,0.733
1,0.986
0,0.123
1,1.462
1,0.359
1,2.241
0,-0.239
0,0.220
1,-0.396
0,-0.433
0,0.538
0,0.908
0,-2.057
1,1.847
1,0.949
1,0.662
0,0.755
0,1.093
1,-0.046
1,0.728
0,0.592
0,-0.587
0,-0.330
0,-0.157
0,-0.238
1,-0.081
1,0.623
1,1.295
1,0.725
0,-1.446
1,-0.152
1,2.016
0,0.173
1,0.451
0,0.416
0,-1.175
0,-1.489
1,0.767
0,-1.198
0,-0.719
1,-0.830
1,-0.052
0,-1.543
0,-1.165
1,-0.611
1,0.267
0,-0.224
0,-0.150
1,-0.551
0,-0.044
0,-0.275
0,0.385
0,-1.383
0,1.536
0,-0.843
0,1.626
1,0.163
1,1.612
0,-0.823
1,-0.337
1,0.441
0,0.758
0,0.468
1,0.525
0,0.131
0,-0.913
0,0.445
0,-0.641
1,1.406
1,0.010
1,1.178
0,0.946
0,-2.223
0,-0.498
1,1.920
1,1.564
0,-0.069
0,0.827
1,3.138
1,1.252
0,-1.243
1,-0.636
1,1.938
0,-0.786
0,-0.360
0,-2.036
0,-0.031
0,-0.823
1,1.112
0,-2.615
0,-1.141
0,-0.645
0,-0.272
1,0.115
0,-0.754
0,-1.111
1,1.332
0,-0.783
1,0.808
0,0.934
0,-1.220
1,-0.289
0,-1.285
0,0.091
1,0.681
1,1.962
0,-0.443
1,-0.734
0,0.175
1,-0.115
1,0.051
1,0.057
0,0.334
1,0.252
0,-0.238
0,-0.971
0,0.940
0,-0.353
0,-0.879
1,0.792
1,0.590
1,1.474
0,0.568
1,0.191
0,0.555
0,-1.266
0,1.489
0,-0.104
1,0.898
0,-2.216
0,-0.958
1,1.144
0,-0.132
0,0.219
1,1.847
0,-0.921
0,-0.231
0,-0.245
0,-1.050
0,-2.814
0,-0.494
0,-0.670
1,0.218
0,-1.494
1,0.024
0,-1.644
0,-1.346
0,-0.620
0,-1.165
0,0.141
1,1.562
0,0.481
0,-0.546
0,-0.314
1,-0.444
1,-0.493
0,-0.337
1,-0.040
1,-0.247
1,1.038
1,0.350
0,1.358
0,-1.070
1,-0.388
1,3.084
0,-1.271
0,-0.696
0,-0.649
1,0.959
1,0.331
0,-0.828
0,-0.026
1,-0.034
1,0.003
1,0.699
1,1.964
1,-0.748
0,0.070
0,-2.427
0,-0.888
0,-0.356
0,-0.835
0,-1.629
1,-1.468
0,-0.368
1,0.464
1,0.736
1,1.079
1,-0.226
0,0.067
1,1.008
0,-1.231
0,-0.259
0,0.064
0,-0.126
1,0.037
0,-0.089
1,-0.087
1,2.206
0,-1.016
1,-0.078
0,-0.251
0,-0.790
0,-0.376
0,-1.178
0,0.154
1,-0.249
0,-1.371
1,-0.255
0,0.262
0,-1.103
0,-2.454
0,0.277
1,0.711
0,-0.386
0,-0.819
0,-0.456
1,-0.559
1,1.029
1,1.920
0,-0.823
1,-1.002
0,-0.934
0,-0.796
0,-1.508
1,0.058
1,0.161
0,1.140
0,0.989
1,0.888
1,-1.345
0,1.535
0,-0.323
0,0.465
0,-0.720
1,1.300
1,-0.565
0,-1.060
0,-1.538
0,-1.553
0,-0.590
1,1.033
1,-0.765
1,0.054
1,0.345
0,-1.346
1,0.988
0,-0.334
1,2.134
0,-0.261
0,-0.344
0,-2.105
0,0.213
0,-2.652
1,1.157
1,0.084
1,0.182
0,0.151
1,-0.111
1,1.646
0,-1.254
0,-0.380
1,0.728
0,-0.059
0,-1.453
0,-1.298
1,0.760
0,-0.413
0,-0.439
1,1.750
0,-1.409
1,-0.145
0,-1.040
0,-0.332
0,1.235
1,2.202
1,-0.212
1,-0.276
0,-0.515
0,-0.513
0,-0.134
0,-1.187
1,1.180
0,0.300
0,-0.620
0,-0.870
1,2.404
0,-2.759
1,-0.342
1,-0.450
0,-0.498
1,0.912
1,0.136
1,1.523
0,-0.079
1,0.040
0,-1.023
0,-0.129
0,-0.141
1,1.409
0,-1.195
1,-1.165
1,0.916
1,0.500
0,1.241
0,-2.053
1,0.855
0,0.681
1,0.314
0,-0.278
0,-0.201
1,0.878
0,-0.226
0,-1.305
0,-0.902
0,-1.126
0,-0.685
1,0.955
0,-0.930
1,2.266
0,-1.020
0,0.081
0,1.071
1,0.837
1,2.081
0,-1.422
1,0.067
1,2.011
1,-1.914
0,-0.159
0,-0.172
0,-0.832
1,0.759
0,-0.727
0,-0.159
0,-0.337
1,0.179
1,0.409
1,0.161
0,0.221
0,-0.958
0,0.720
0,-1.511
1,0.386
1,0.301
1,1.550
1,0.666
0,-1.060
1,0.616
0,-2.817
1,-1.022
0,-0.981
1,-0.456
0,-2.124
0,-0.048
1,0.013
0,-1.852
0,0.529
0,0.060
0,-0.335
1,0.033
0,-1.138
1,-0.152
0,-0.507
1,0.744
1,-0.294
1,0.275
0,-0.356
0,-0.897
0,0.718
0,-0.273
1,0.162
0,-1.909
0,-1.259
0,-1.954
0,-2.050
1,0.062
0,-0.449
0,1.145
0,-1.149
1,-0.379
0,0.018
0,-2.149
0,0.450
0,0.386
0,-1.381
0,-0.389
0,0.013
1,-0.638
0,-0.225
0,-0.361
1,1.536
1,0.405
0,-0.289
0,-1.466
0,-1.901
0,-0.478
1,0.714
0,-0.179
0,-1.490
0,-0.428
1,-1.414
1,1.170
1,0.119
1,2.193
1,0.232
0,-0.922
1,-0.953
0,-1.052
0,-1.612
0,-0.645
1,1.169
1,-0.168
1,0.100
0,-0.793
1,0.420
1,1.045
1,0.406
0,1.557
0,-1.280
0,-1.255
1,0.815
0,0.173
0,0.017
0,-1.098
0,0.960
1,-0.722
0,2.189
0,0.743
1,0.612
1,-0.009
0,-0.042
1,0.065
1,1.073
0,0.243
1,-0.572
0,-0.288
0,-0.372
1,-0.043
0,-0.005
0,-1.581
0,-0.485
0,-3.387
1,0.360
1,1.159
1,0.173
1,-0.446
1,2.518
1,0.068
1,0.280
1,2.733
0,0.792
0,-0.426
0,-0.156
1,0.412
0,-0.331
0,0.942
1,-0.556
1,0.927
1,0.314
1,0.448
0,-0.869
1,2.105
1,0.074
1,1.184
0,-0.800
0,-0.020
0,-1.381
1,1.479
0,-0.717
0,-2.151
1,-0.720
0,-1.088
1,0.760
0,-1.279
0,-0.804
0,-1.658
1,-0.875
1,-1.183
0,-0.169
1,1.124
0,-1.148
0,0.195
0,0.338
0,-1.314
1,2.727
1,0.982
0,0.231
0,-0.256
0,0.046
1,-0.258
0,0.060
0,-2.461
1,1.162
1,-0.155
1,0.060
0,-0.868
0,-0.864
0,0.469
1,0.855
0,0.257
0,-0.369
0,-0.150
1,-0.055
1,1.420
1,-0.049
0,0.069
0,-0.384
0,0.367
0,-1.152
0,-1.404
1,1.545
1,1.411
1,1.046
1,0.347
1,0.140
0,-1.123
0,0.121
1,1.153
0,0.912
1,-0.473
1,0.742
1,1.288
0,-1.616
0,-1.325
1,0.348
1,0.024
0,-0.485
1,0.751
0,-0.558
1,-0.409
0,0.401
1,0.444
0,-0.505
0,-0.168
1,1.060
1,-1.341
0,0.478
0,-0.360
1,1.607
0,1.119
1,-1.295
1,0.444
0,-0.670
0,0.647
1,0.217
1,0.703
0,-0.682
1,2.044
0,-0.804
1,1.210
0,-0.774
0,-1.389
0,0.239
1,0.526
1,1.280
1,1.251
1,-0.953
1,-0.136
1,0.470
0,-1.950
1,-0.292
0,0.007
1,0.211
1,1.652
1,-0.408
1,0.878
0,-2.072
1,-0.476
1,1.316
1,0.882
0,-1.595
0,1.045
1,1.106
0,1.300
1,0.483
0,0.914
0,1.113
1,-0.406
0,-1.321
1,-1.163
0,0.264
1,-0.281
0,0.535
0,0.670
0,-0.034
0,-0.538
0,-0.692
1,-0.756
0,0.074
1,-0.294
0,-1.188
1,2.140
1,0.048
1,0.164
0,0.998
0,0.101
0,-1.328
1,1.108
1,-0.362
1,0.630
1,2.136
0,-2.853
0,0.332
0,0.520
1,0.313
0,0.211
0,0.617
0,-0.126
1,1.009
0,0.871
0,-0.022
0,-1.794
0,-1.277
1,0.258
0,-0.241
0,1.439
1,-1.834
1,0.037
0,-0.181
0,-1.138
1,-0.109
0,-0.564
1,-0.110
1,0.440
0,0.974
0,0.297
0,1.647
0,-0.468
0,0.532
0,-0.256
0,-2.000
1,0.106
0,-1.075
0,0.648
1,1.915
1,-0.008
1,-0.313
0,0.941
1,-0.046
0,0.501
1,1.095
0,0.824
0,0.114
0,-0.362
1,-0.286
1,0.202
0,-0.769
1,0.932
1,1.198
1,0.255
1,0.052
1,0.275
1,1.371
1,1.039
1,-0.064
0,-0.711
1,0.329
0,-0.943
1,-0.635
0,0.101
0,-0.302
0,-1.067
1,0.763
1,0.983
0,0.043
1,-0.978
0,-1.537
0,0.151
1,-0.094
0,0.619
1,-1.307
1,0.183
1,-0.085
0,-1.369
1,0.583
0,0.116
0,0.492
0,-1.302
0,-0.253
1,1.007
1,0.360
0,-0.625
0,0.309
0,-1.254
1,1.827
1,0.968
0,-0.105
1,0.043
1,0.027
0,-0.402
1,0.332
0,-0.004
0,-0.596
0,-0.959
0,-0.729
0,0.571
0,-0.481
1,2.167
1,0.529
0,-0.714
0,0.185
1,1.041
1,1.710
1,1.108
1,-0.394
0,-1.159
1,0.342
0,0.136
0,-0.194
0,-0.725
1,-1.247
0,0.067
0,-0.333
0,-0.741
1,1.085
1,1.283
1,1.468
0,-1.783
1,0.789
1,1.453
1,0.443
1,0.009
0,-1.087
0,-0.699
0,-0.125
0,-0.878
0,-0.322
1,1.848
0,0.673
0,1.045
0,1.222
0,-0.874
0,-0.225
0,-0.505
0,-1.243
1,1.226
1,0.875
0,-0.556
1,-1.174
0,-1.730
1,-0.431
0,-1.162
1,-0.912
1,-0.063
1,0.707
0,-0.901
1,-0.101
0,0.846
0,-1.317
0,-0.144
1,0.762
0,-1.226
1,0.555
0,-1.277
0,-2.094
1,-0.190
0,-0.340
1,-0.496
0,-0.816
1,0.988
1,-1.207
0,0.246
1,0.113
0,-1.505
0,0.110
1,1.357
1,1.028
1,-1.372
1,0.142
1,0.302
1,-1.461
1,-0.020
1,-0.145
0,-2.130
0,0.546
1,1.248
1,-0.272
1,2.348
1,1.781
1,2.147
0,0.357
0,-0.071
0,0.248
1,1.991
0,0.457
1,-0.149
1,2.280
0,-0.388
0,-0.478
1,1.757
0,-1.339
0,-0.106
1,-0.688
1,0.062
1,0.119
0,-0.274
1,2.565
0,-1.537
0,-0.019
0,-1.831
1,0.259
0,-1.069
0,-1.038
0,-3.363
1,0.353
0,-2.623
0,0.894
0,0.407
0,-0.527
0,-0.123
1,-1.636
1,-0.503
0,0.607
1,0.511
0,-1.411
1,0.870
1,0.053
1,-1.031
0,0.219
0,-0.613
1,0.299
1,1.287
1,2.548
0,1.018
0,-0.246
0,-0.452
0,-1.491
1,0.067
1,0.364
1,1.325
1,1.066
1,0.192
1,-0.712
0,-0.511
1,1.041
0,1.064
0,-0.917
0,1.262
0,-0.423
1,0.386
0,-1.104
0,-0.423
0,1.561
1,0.662
1,1.772
0,-3.727
0,-2.385
1,-1.244
1,0.601
1,0.546
1,0.579
1,-0.011
0,1.223
1,0.770
1,1.305
1,1.035
0,1.055
0,0.357
0,-1.293
0,-0.374
0,0.406
0,-2.012
0,-0.588
1,1.175
1,-0.471
0,-0.015
0,-0.142
0,0.598
0,-0.629
0,0.631
1,1.463
0,-1.498
1,0.149
1,0.290
0,0.355
0,-0.928
0,0.171
1,0.147
1,0.619
0,-0.719
1,0.851
0,0.260
0,0.437
1,0.771
0,-2.751
0,0.379
0,1.088
1,-0.383
1,0.744
1,0.534
0,-0.736
0,0.705
1,-1.295
1,0.251
0,-0.389
0,-0.563
0,-0.216
0,-1.033
1,-0.089
0,-0.015
1,0.053
1,0.889
0,-0.172
1,-0.196
1,0.713
0,-0.612
0,0.398
0,-0.747
0,-1.175
0,-0.749
0,-0.871
0,0.148
1,-0.425
1,1.090
0,1.267
1,1.169
0,-1.159
1,1.719
0,-0.885
0,-0.583
0,0.525
1,1.075
1,-0.527
1,0.368
1,0.982
0,-0.132
0,-0.364
0,-3.114
0,0.153
0,-0.175
1,0.847
0,0.227
1,0.031
1,0.632
1,-0.394
0,1.355
0,-0.400
1,-0.457
1,-0.525
1,1.382
0,-1.881
1,0.581
1,-0.073
1,-0.651
0,-0.538
0,-1.278
1,0.844
1,0.828
0,-0.029
0,0.556
1,0.813
0,0.227
1,-0.064
0,0.786
1,-0.004
0,-1.116
0,-1.490
1,0.154
1,1.209
1,0.175
1,0.542
1,1.483
0,-1.191
0,0.097
0,0.471
0,1.475
0,-0.734
1,-0.333
1,-0.005
1,0.205
0,1.435
0,0.453
0,-0.830
0,0.519
1,0.537
0,-0.595
0,-0.237
0,-0.565
1,0.125
0,-0.833
0,0.009
1,1.129
1,0.287
0,0.727
1,0.267
1,0.527
1,0.888
0,-0.730
1,0.676
1,1.393
1,1.250
0,1.608
0,0.194
0,0.142
1,0.909
0,-0.696
1,0.778
0,0.594
1,0.649
1,-0.953
0,0.588
1,1.181
0,-0.038
1,-0.202
0,-0.563
0,0.252
0,0.197
0,-1.854
0,0.074
1,-0.207
1,0.410
1,1.256
1,-0.049
1,0.189
0,0.137
0,-0.067
1,-0.302
0,-0.906
0,-0.972
1,1.102
1,0.551
0,0.913
1,-0.191
0,-1.221
1,1.280
1,1.116
1,0.401
0,-0.344
1,0.295
0,-0.087
0,0.549
1,2.230
0,-0.887
0,0.248
1,0.342
0,0.428
0,0.057
0,-3.604
0,0.461
1,1.657
0,0.221
1,0.497
1,0.232
1,0.775
1,-0.391
0,-2.184
0,0.242
1,0.369
0,-0.386
1,0.738
1,-1.057
0,-0.695
0,0.080
1,0.813
1,0.927
0,-1.666
0,-0.303
0,-0.494
1,-0.324
1,-1.059
1,0.295
0,-1.955
0,-0.131
0,-2.191
1,0.717
1,0.153
0,0.199
0,-0.236
1,-0.066
1,0.885
1,2.321
1,0.852
0,-2.428
1,0.598
1,-1.725
0,0.439
0,-0.209
1,0.050
0,-0.599
0,-0.695
0,-0.599
0,-0.994
1,-0.534
0,-0.546
1,0.392
1,1.215
0,0.323
0,-0.918
1,-0.119
0,-0.278
0,-3.022
0,-0.911
1,-0.203
1,0.534
0,1.830
0,-1.629
1,-0.213
0,-0.154
1,3.135
0,-1.508
1,1.036
0,-0.543
0,-0.013
1,1.575
1,-0.418
1,0.077
1,-1.931
1,0.872
0,-0.284
1,0.877
0,0.475
0,-1.257
0,-2.082
0,-0.340
1,0.280
0,-0.487
0,0.074
1,-0.237
1,0.484
0,-0.873
1,0.403
0,-0.419
1,0.445
1,-0.074
0,-0.251
1,0.609
0,-0.026
1,-0.320
1,0.699
0,-0.465
0,-0.177
0,0.421
1,1.450
1,1.295
1,0.896
0,0.055
1,-0.070
0,0.026
0,-0.545
0,1.502
0,-1.320
1,-0.117
0,-1.400
0,0.611
0,-1.233
0,1.068
1,0.276
1,1.141
0,-0.387
0,-2.297
1,-0.564
0,-1.631
0,-2.920
0,-0.623
0,-1.173
1,0.946
1,0.432
1,-0.181
1,-0.208
1,0.034
0,-1.149
0,-0.536
1,1.677
0,-0.276
1,-0.147
0,-1.340
1,0.096
1,-0.052
0,-1.588
1,1.308
0,0.516
0,-0.443
0,-0.305
0,-0.972
1,0.804
1,1.747
1,0.499
1,-0.027
0,2.082
0,-1.742
1,0.326
0,0.504
1,0.760
0,-0.252
1,1.156
0,0.253
1,0.854
1,0.556
1,-0.778
